YEAR,Rk,Team,Conf,W,L,W/L%,MOV,ORtg,DRtg,NRtg,MOV/A,ORtg/A,DRtg/A,NRtg/A,,,,,,,,,,,,,,,,,,,,,,
2015,29,Philadelphia 76ers,E,18,64,0.22,-8.98,96.4,105.7,-9.31,-9.04,96.3,105.67,-9.38,23.2,18,64,-0.07,-9.04,95.5,104.8,95.7,0.288,0.319,0.494,0.459,16,25.5,0.195,0.497,15.2,73,0.225,Wells Fargo Center,"571,572","13,941"
2015,14,Utah Jazz,W,38,44,0.463,0.22,106.19,105.91,0.28,0.71,106.23,105.43,0.79,23.4,42,40,0.49,0.71,105.1,104.9,90.4,0.297,0.274,0.531,0.494,14.6,29.1,0.214,0.491,12.8,76.3,0.199,EnergySolutions Arena,"772,059","18,831"
2015,26,Orlando Magic,E,25,57,0.305,-5.72,102.26,108.34,-6.07,-5.87,102.3,108.54,-6.23,24.3,25,57,-0.15,-5.87,101.6,107.7,93.8,0.23,0.235,0.524,0.494,14,23.1,0.168,0.514,13.6,76,0.21,Amway Center,"688,194","16,785"
2015,28,Minnesota Timberwolves,W,16,66,0.195,-8.79,103.63,112.98,-9.36,-8,103.98,112.5,-8.52,24.4,19,63,0.79,-8,102.9,112.2,94.4,0.309,0.179,0.517,0.468,13.7,26.6,0.24,0.537,13.9,71.6,0.187,Target Center,"595,652","14,416"
2015,17,Milwaukee Bucks,E,41,41,0.5,0.43,103.57,103.18,0.38,-0.09,103.33,103.49,-0.16,24.6,42,40,-0.52,-0.09,102.7,102.2,94.1,0.258,0.223,0.536,0.499,15.5,25.4,0.195,0.487,15.9,73.3,0.221,BMO Harris Bradley Center,"593,910","14,813"
2015,19,Boston Celtics,E,40,42,0.488,0.16,105.32,105.17,0.15,-0.4,105.14,105.58,-0.44,25,41,41,-0.56,-0.4,104.7,104.5,95.8,0.233,0.28,0.523,0.489,12.5,24.7,0.176,0.494,13.7,75,0.208,TD Garden,"721,350","17,594"
2015,13,New Orleans Pelicans,W,45,37,0.549,0.79,108.95,108.15,0.8,1.13,109.04,107.88,1.16,25.3,43,39,0.34,1.13,108.2,107.3,91.4,0.263,0.233,0.537,0.501,12.5,27.1,0.198,0.496,11.7,75.1,0.195,Smoothie King Center,"683,757","16,677"
2015,12,Oklahoma City Thunder,W,45,37,0.549,2.18,108.41,106.18,2.24,2.47,108.42,105.89,2.54,25.4,47,35,0.28,2.47,107.8,105.5,95.7,0.284,0.262,0.532,0.492,13.1,28.9,0.214,0.489,12.4,75.6,0.213,Chesapeake Energy Arena,"746,323","18,203"
2015,18,Phoenix Suns,W,39,43,0.476,-0.9,105.93,106.85,-0.92,-0.38,105.97,106.34,-0.37,25.7,38,44,0.52,-0.38,105.3,106.2,96.3,0.251,0.291,0.537,0.501,13.7,24.5,0.191,0.497,14,73.5,0.221,US Airways Center,"693,862","16,923"
2015,20,Detroit Pistons,E,32,50,0.39,-1,106.22,107.35,-1.14,-1.39,106.23,107.77,-1.54,25.9,38,44,-0.39,-1.39,105.3,106.4,92.8,0.261,0.29,0.515,0.482,12.3,27.7,0.184,0.502,13.2,75,0.192,The Palace of Auburn Hills,"625,917","15,266"
2015,22,Sacramento Kings,W,29,53,0.354,-3.71,106.01,109.95,-3.94,-3.07,106.24,109.51,-3.27,26,31,51,0.64,-3.07,105.3,109.2,95.4,0.363,0.204,0.542,0.49,14.8,26.5,0.276,0.507,11.8,75.2,0.2,Sleep Train Arena,"680,049","16,587"
2015,25,Charlotte Hornets,E,33,49,0.402,-3.17,100.92,104.44,-3.52,-3.44,100.75,104.55,-3.79,26,32,50,-0.27,-3.44,100.1,103.5,93,0.269,0.226,0.498,0.456,11.2,22.1,0.202,0.487,12,79.3,0.188,Time Warner Cable Arena,"704,886","17,192"
2015,11,Toronto Raptors,E,49,33,0.598,3.07,112.06,108.69,3.37,2.45,112.07,109.35,2.72,26.1,49,33,-0.62,2.45,111,107.7,92.8,0.295,0.302,0.553,0.508,12,25.6,0.232,0.506,13.4,73.3,0.208,Air Canada Centre,"809,824","19,752"
2015,21,Denver Nuggets,W,30,52,0.366,-3.55,105.11,108.68,-3.57,-3.07,105.16,108.22,-3.07,26.4,31,51,0.48,-3.07,104.5,108.2,96.1,0.278,0.284,0.518,0.479,12.7,26.6,0.204,0.504,13,74.7,0.239,Pepsi Center,"602,707","14,700"
2015,1,Golden State Warriors,W,67,15,0.817,10.1,112.18,101.86,10.32,10.01,111.9,101.67,10.23,26.6,65,17,-0.09,10.01,111.6,101.4,98.3,0.239,0.311,0.571,0.54,13.1,24.1,0.184,0.47,14.3,74.5,0.217,Oracle Arena,"803,436","19,596"
2015,30,New York Knicks,E,17,65,0.207,-9.32,100.89,111.01,-10.13,-9.49,101.06,111.36,-10.3,26.9,17,65,-0.18,-9.5,99.9,110,91.2,0.234,0.24,0.508,0.47,14,24.5,0.18,0.512,13.3,73.1,0.234,Madison Square Garden (IV),"812,292","19,812"
2015,6,Cleveland Cavaliers,E,53,29,0.646,4.48,111.93,107.13,4.8,4.08,111.97,107.58,4.39,26.9,53,29,-0.4,4.08,111.1,106.3,92.3,0.287,0.334,0.557,0.52,13.4,26.8,0.216,0.502,12.6,74.7,0.177,Quicken Loans Arena,"843,042","20,562"
2015,27,Los Angeles Lakers,W,21,61,0.256,-6.84,104.07,111.44,-7.36,-6.17,104.26,110.9,-6.65,27,23,59,0.67,-6.17,103.4,110.6,94,0.276,0.22,0.513,0.473,12.1,25.4,0.204,0.518,12.1,76.3,0.231,STAPLES Center,"768,244","18,738"
2015,5,Portland Trail Blazers,W,51,31,0.622,4.23,108.81,104.3,4.5,4.41,108.72,104.03,4.69,27,53,29,0.18,4.41,108.2,103.7,94.2,0.225,0.316,0.544,0.508,12.6,24.2,0.18,0.476,11.3,76.2,0.182,Moda Center,"798,368","19,472"
2015,7,Houston Rockets,W,56,26,0.683,3.44,107.87,104.26,3.61,3.82,107.86,103.85,4.01,27.6,50,32,0.38,3.82,107,103.4,96.5,0.312,0.392,0.548,0.512,15,26.8,0.223,0.486,14.6,72.9,0.208,Toyota Center,"747,412","18,230"
2015,4,Atlanta Hawks,E,60,22,0.732,5.43,110,103.98,6.02,4.75,109.85,104.56,5.29,27.8,56,26,-0.68,4.75,108.9,103.1,93.9,0.259,0.321,0.563,0.527,13.5,21.4,0.201,0.492,14.9,73.4,0.185,Philips Arena,"713,909","17,412"
2015,16,Indiana Pacers,E,38,44,0.463,0.28,104.44,104.04,0.4,-0.22,104.34,104.48,-0.14,28.3,42,40,-0.51,-0.23,103.5,103.2,93.2,0.266,0.255,0.523,0.484,13.1,24,0.201,0.478,12,77.9,0.217,Bankers Life Fieldhouse,"691,434","16,864"
2015,24,Miami Heat,E,37,45,0.451,-2.6,104.86,107.91,-3.05,-2.92,104.99,108.36,-3.37,28.5,33,49,-0.32,-2.92,103.9,106.7,90.9,0.306,0.262,0.54,0.5,14.5,23.2,0.227,0.505,14.2,73.4,0.213,AmericanAirlines Arena,"808,223","19,713"
2015,23,Brooklyn Nets,E,38,44,0.463,-2.88,105.15,108.19,-3.05,-3.13,105.17,108.48,-3.31,28.6,33,49,-0.25,-3.13,104.4,107.4,92.7,0.267,0.24,0.529,0.491,13,23.9,0.2,0.506,12.9,73.7,0.185,Barclays Center,"698,529","17,037"
2015,15,Washington Wizards,E,46,36,0.561,0.72,104.56,103.73,0.83,0.17,104.38,104.13,0.25,28.6,43,39,-0.55,0.17,103.7,103,93.7,0.259,0.203,0.534,0.499,14,24.9,0.192,0.481,12.9,77.3,0.21,Verizon Center,"747,796","18,239"
2015,10,Chicago Bulls,E,50,32,0.61,3,108.48,105.11,3.37,2.54,108.42,105.53,2.88,28.8,50,32,-0.46,2.54,107.5,104.3,92.8,0.304,0.269,0.536,0.489,12.9,27,0.238,0.473,11.3,74.4,0.182,United Center,"886,612","21,625"
2015,2,Los Angeles Clippers,W,56,26,0.683,6.59,113.21,106.22,6.98,6.8,113.35,106.14,7.21,28.8,58,24,0.22,6.8,112.4,105.5,94.7,0.303,0.322,0.565,0.533,11.6,22.8,0.215,0.493,13.2,75.7,0.231,STAPLES Center,"785,892","19,168"
2015,8,Memphis Grizzlies,W,55,27,0.671,3.24,106.44,102.9,3.55,3.62,106.35,102.41,3.94,29.6,50,32,0.38,3.62,105.7,102.2,92,0.276,0.184,0.531,0.489,12.6,24.7,0.214,0.492,14.5,75.3,0.183,FedEx Forum,"710,502","17,329"
2015,3,San Antonio Spurs,W,55,27,0.671,6.2,109.25,102.61,6.64,6.34,109.09,102.3,6.79,29.8,58,24,0.14,6.34,108.5,102,93.8,0.256,0.269,0.555,0.517,13.1,23.4,0.2,0.484,13.3,77.3,0.19,AT&T Center,"762,855","18,606"
2015,9,Dallas Mavericks,W,50,32,0.61,2.9,110.3,107.14,3.16,3.36,110.51,106.87,3.64,29.9,49,33,0.46,3.36,109.5,106.4,95.2,0.262,0.296,0.55,0.515,11.9,23.6,0.197,0.503,14.7,72.2,0.204,American Airlines Center,"827,702","20,188"
2016,30,Philadelphia 76ers,E,10,72,0.122,-10.23,99.65,110.15,-10.5,-9.92,99.83,110.01,-10.18,23.3,16,66,0.31,-9.92,98.8,109.2,97.9,0.269,0.327,0.519,0.487,14.8,20.6,0.186,0.51,13.5,74,0.24,Wells Fargo Center,"614,650","14,991"
2016,26,Milwaukee Bucks,E,33,49,0.402,-4.18,105.06,109.65,-4.59,-3.98,105.32,109.69,-4.37,23.5,29,53,0.2,-3.98,104.3,108.7,94.2,0.276,0.189,0.537,0.499,14.2,24.9,0.207,0.51,14.2,73.1,0.221,BMO Harris Bradley Center,"621,808","15,166"
2016,19,Orlando Magic,E,35,47,0.427,-1.62,105.73,107.47,-1.74,-1.68,105.89,107.7,-1.8,23.9,36,46,-0.06,-1.68,105.1,106.8,96,0.232,0.255,0.533,0.5,12.8,23.1,0.175,0.513,13.8,76.5,0.215,Amway Center,"719,275","17,515"
2016,10,Utah Jazz,W,40,42,0.488,1.8,106.83,104.78,2.04,1.86,106.57,104.48,2.09,24.2,46,36,0.05,1.84,105.9,103.9,91,0.286,0.297,0.54,0.501,14.2,25.9,0.213,0.495,13.5,77.7,0.21,Vivint Smart Home Arena,"791,489","19,305"
2016,13,Portland Trail Blazers,W,44,38,0.537,0.83,109.55,108.67,0.88,0.98,109.48,108.45,1.03,24.3,43,39,0.15,0.98,108.8,108,96,0.268,0.332,0.548,0.511,13.2,25.9,0.202,0.503,12.1,76.2,0.225,Moda Center,"794,085","19,368"
2016,25,Minnesota Timberwolves,W,29,53,0.354,-3.54,107.17,111.02,-3.86,-3.38,107.17,110.86,-3.68,24.6,31,51,0.15,-3.38,106.5,110.1,95.2,0.332,0.202,0.549,0.498,13.9,24.3,0.263,0.524,13.6,74.7,0.2,Target Center,"581,178","14,175"
2016,22,Denver Nuggets,W,33,49,0.402,-3.1,106.22,109.47,-3.25,-2.81,106.24,109.17,-2.94,24.7,33,49,0.29,-2.81,105.6,108.9,95.7,0.282,0.277,0.531,0.489,13.2,25.8,0.216,0.515,12.6,77.3,0.216,Pepsi Center,"577,898","14,095"
2016,14,Detroit Pistons,E,44,38,0.537,0.61,106.78,106.19,0.59,0.43,106.88,106.48,0.4,25,43,39,-0.18,0.43,106.1,105.5,95.1,0.296,0.303,0.522,0.491,12.2,27,0.197,0.504,12.5,79.3,0.196,The Palace of Auburn Hills,"677,138","16,516"
2016,8,Boston Celtics,E,48,34,0.585,3.21,107.3,104.1,3.2,2.84,107.24,104.43,2.81,25.2,50,32,-0.37,2.84,106.8,103.6,98.5,0.264,0.293,0.531,0.488,12.1,25.1,0.208,0.487,14.6,74.6,0.231,TD Garden,"749,076","18,270"
2016,3,Oklahoma City Thunder,W,55,27,0.671,7.28,113.76,106.22,7.54,7.09,113.64,106.29,7.35,25.8,59,23,-0.19,7.09,113.1,105.6,96.7,0.292,0.275,0.565,0.524,14,31.1,0.228,0.484,11.7,76,0.205,Chesapeake Energy Arena,"746,323","18,203"
2016,27,Phoenix Suns,W,23,59,0.28,-6.66,102.94,109.8,-6.86,-6.32,102.95,109.45,-6.5,26,24,58,0.34,-6.32,102.2,109,98.5,0.271,0.302,0.526,0.487,15.2,25.4,0.204,0.523,13.5,77.1,0.237,Talking Stick Resort Arena,"701,405","17,107"
2016,9,Charlotte Hornets,E,48,34,0.585,2.72,107.72,105.01,2.71,2.36,107.67,105.33,2.34,26,49,33,-0.36,2.36,107.1,104.3,95.7,0.28,0.348,0.545,0.502,11.7,20,0.222,0.496,12.5,79.8,0.191,Time Warner Cable Arena,"716,894","17,485"
2016,5,Toronto Raptors,E,56,26,0.683,4.5,111.11,106.16,4.95,4.08,111.18,106.68,4.5,26.3,53,29,-0.42,4.08,110,105.2,92.9,0.328,0.287,0.552,0.504,12.3,24.6,0.255,0.498,12.7,77.7,0.201,Air Canada Centre,"812,863","19,826"
2016,29,Los Angeles Lakers,W,17,65,0.207,-9.56,102.29,112.4,-10.12,-8.92,102.49,111.92,-9.43,26.5,17,65,0.64,-8.92,101.6,111.6,95.6,0.292,0.29,0.509,0.46,12.5,23.1,0.228,0.523,11.6,74.7,0.202,STAPLES Center,"778,877","18,997"
2016,24,New Orleans Pelicans,W,30,52,0.366,-3.79,106.27,110.17,-3.89,-3.55,106.32,109.96,-3.63,26.6,31,51,0.24,-3.56,105.6,109.5,96.8,0.259,0.277,0.537,0.498,12.3,21.2,0.201,0.523,12.7,78.8,0.225,Smoothie King Center,"688,549","16,794"
2016,21,Sacramento Kings,W,33,49,0.402,-2.48,106.57,109.07,-2.5,-2.31,106.44,108.77,-2.33,26.6,34,48,0.16,-2.32,106,108.4,100,0.295,0.26,0.546,0.51,14.2,23.9,0.214,0.521,14,74.9,0.202,Sleep Train Arena,"707,526","17,222"
2016,28,Brooklyn Nets,E,21,61,0.256,-7.35,103.74,111.6,-7.86,-7.11,104.06,111.66,-7.61,26.9,22,60,0.24,-7.12,103.2,110.9,95.2,0.246,0.218,0.527,0.492,13.6,24.1,0.186,0.534,13.1,75.7,0.176,Barclays Center,"620,142","15,125"
2016,11,Indiana Pacers,E,45,37,0.549,1.71,105.28,103.51,1.77,1.62,105.26,103.58,1.68,26.9,46,36,-0.09,1.62,104.6,102.9,96.6,0.268,0.27,0.536,0.497,13.5,23.4,0.205,0.489,14.3,76,0.205,Bankers Life Fieldhouse,"690,733","16,847"
2016,23,New York Knicks,E,32,50,0.39,-2.73,105.41,108.43,-3.03,-2.73,105.55,108.58,-3.02,27.2,33,49,0,-2.74,104.6,107.6,93.4,0.255,0.256,0.527,0.483,12.6,23.7,0.205,0.487,10.5,75.8,0.204,Madison Square Garden (IV),"812,292","19,812"
2016,17,Washington Wizards,E,41,41,0.5,-0.5,106.09,106.48,-0.39,-0.49,106.23,106.62,-0.39,27.3,40,42,0,-0.5,105.3,105.8,98.5,0.263,0.282,0.544,0.511,13.1,20.6,0.192,0.515,14.6,77.7,0.218,Verizon Center,"725,426","17,693"
2016,2,Golden State Warriors,W,73,9,0.89,10.76,115.18,104.32,10.86,10.38,115.01,104.53,10.49,27.4,65,17,-0.38,10.38,114.5,103.8,99.3,0.25,0.362,0.593,0.563,13.5,23.5,0.191,0.479,12.6,76,0.208,Oracle Arena,"803,436","19,596"
2016,18,Chicago Bulls,E,42,40,0.512,-1.48,105.85,107.28,-1.43,-1.46,106.02,107.44,-1.42,27.6,37,45,0.01,-1.46,105,106.5,95.7,0.24,0.244,0.526,0.487,12.6,24.5,0.189,0.485,10.7,74.9,0.182,United Center,"894,659","21,821"
2016,15,Houston Rockets,W,41,41,0.5,0.2,109.23,109.1,0.13,0.34,109.26,108.96,0.3,27.8,42,40,0.14,0.34,108.3,108.1,97.6,0.352,0.37,0.553,0.516,14.2,25.7,0.244,0.516,14.7,72.8,0.219,Toyota Center,"737,244","17,982"
2016,4,Cleveland Cavaliers,E,57,25,0.695,5.99,111.8,105.32,6.48,5.44,111.75,105.85,5.9,28.1,57,25,-0.55,5.45,110.9,104.5,93.3,0.259,0.352,0.558,0.524,12.7,25.1,0.194,0.496,12.6,78.5,0.205,Quicken Loans Arena,"843,042","20,562"
2016,7,Atlanta Hawks,E,48,34,0.585,3.61,105.75,102,3.75,3.49,105.74,102.12,3.62,28.2,51,31,-0.12,3.49,105.1,101.4,97.1,0.237,0.336,0.552,0.516,13.8,19.1,0.185,0.48,14.4,74.6,0.194,Philips Arena,"690,150","16,833"
2016,12,Miami Heat,E,48,34,0.585,1.65,107.01,105.34,1.67,1.5,107.08,105.56,1.52,28.4,46,36,-0.14,1.5,106.1,104.4,93.6,0.282,0.221,0.545,0.508,13.3,23.8,0.21,0.485,12.1,77.8,0.196,AmericanAirlines Arena,"809,350","19,740"
2016,6,Los Angeles Clippers,W,53,29,0.646,4.28,109.04,104.57,4.47,4.13,108.69,104.39,4.31,29.7,53,29,-0.15,4.13,108.3,103.8,95.8,0.318,0.324,0.556,0.524,12.1,20.1,0.22,0.48,13.8,73.8,0.222,STAPLES Center,"786,910","19,193"
2016,16,Dallas Mavericks,W,42,40,0.512,-0.3,107.29,107.48,-0.19,-0.02,107.24,107.13,0.11,30.3,40,42,0.29,-0.02,106.7,107,94.3,0.265,0.339,0.544,0.502,12,20.6,0.211,0.504,12.8,76.2,0.198,American Airlines Center,"825,901","20,144"
2016,1,San Antonio Spurs,W,67,15,0.817,10.63,111.04,99.55,11.49,10.28,110.59,99.49,11.1,30.3,67,15,-0.36,10.28,110.3,99,93.8,0.246,0.223,0.564,0.526,12.4,23,0.197,0.477,14.1,79.1,0.182,AT&T Center,"756,445","18,450"
2016,20,Memphis Grizzlies,W,42,40,0.512,-2.24,106.36,108.69,-2.33,-2.13,106.23,108.45,-2.22,30.5,35,47,0.11,-2.14,105.4,107.8,93.3,0.295,0.222,0.524,0.477,12.3,25.3,0.231,0.518,15.2,75.1,0.251,FedEx Forum,"701,894","17,119"
2017,19,Minnesota Timberwolves,W,31,51,0.378,-1.11,111.54,112.74,-1.2,-0.63,111.75,112.46,-0.71,24,38,44,0.47,-0.64,110.8,112,94.6,0.287,0.249,0.555,0.511,12.9,27.2,0.229,0.535,13.2,75.9,0.212,Target Center,"607,203","14,810"
2017,27,Philadelphia 76ers,E,28,54,0.341,-5.7,103.96,109.81,-5.85,-5.83,103.92,109.91,-5.99,24.6,26,56,-0.14,-5.83,103.2,108.9,98.5,0.258,0.349,0.539,0.501,14.9,22.4,0.199,0.512,13.5,75.3,0.234,Wells Fargo Center,"710,557","17,331"
2017,10,Oklahoma City Thunder,W,47,35,0.573,0.76,108.95,108.17,0.78,1.15,108.94,107.75,1.18,24.7,43,39,0.39,1.14,108.3,107.5,97.8,0.295,0.295,0.54,0.5,13.2,27.9,0.22,0.511,12.5,79,0.218,Chesapeake Energy Arena,"746,323","18,203"
2017,16,Portland Trail Blazers,W,41,41,0.5,-0.52,110.93,111.46,-0.53,-0.23,111.09,111.31,-0.22,24.8,40,42,0.3,-0.23,110.3,110.8,96.7,0.275,0.322,0.559,0.52,12.5,23,0.214,0.508,11.6,76.8,0.241,Moda Center,"792,029","19,318"
2017,26,Phoenix Suns,W,24,58,0.293,-5.63,107.32,112.79,-5.47,-5.14,107.43,112.41,-4.98,25,27,55,0.49,-5.14,106.6,112.2,100.3,0.297,0.255,0.538,0.493,13.4,26,0.231,0.525,13.1,76.4,0.264,Talking Stick Resort Arena,"708,639","17,134"
2017,28,Los Angeles Lakers,W,26,56,0.317,-6.88,106.69,113.72,-7.02,-6.29,106.96,113.38,-6.42,25.1,24,58,0.58,-6.29,106,113,98.5,0.259,0.295,0.537,0.501,13.5,25,0.195,0.542,13,75.8,0.213,STAPLES Center,"776,917","18,949"
2017,13,Denver Nuggets,W,40,42,0.488,0.51,113.9,113.43,0.47,0.7,114.06,113.39,0.67,25.2,42,40,0.19,0.7,113.2,112.7,98.3,0.276,0.329,0.568,0.53,13.2,27.3,0.214,0.532,10.9,78.7,0.194,Pepsi Center,"605,585","14,672"
2017,30,Orlando Magic,E,29,53,0.354,-6.57,104.23,111.11,-6.88,-6.61,104.3,111.21,-6.92,25.3,24,58,-0.04,-6.61,103.7,110.5,96.8,0.246,0.3,0.524,0.489,12.1,21.6,0.184,0.523,11.9,77.4,0.201,Amway Center,"727,875","17,753"
2017,21,Detroit Pistons,E,37,45,0.451,-1.12,106.53,107.9,-1.37,-1.29,106.39,107.93,-1.54,25.4,38,44,-0.17,-1.29,106,107.1,95,0.218,0.263,0.521,0.492,10.9,24.1,0.157,0.516,12.1,81.2,0.197,The Palace of Auburn Hills,"655,141","15,979"
2017,17,Milwaukee Bucks,E,42,40,0.512,-0.18,109.92,110.16,-0.23,-0.44,109.96,110.46,-0.5,25.6,40,42,-0.26,-0.45,109.1,109.3,94.5,0.274,0.29,0.565,0.527,13.2,21.5,0.21,0.518,13.6,75.4,0.215,BMO Harris Bradley Center,"648,952","15,828"
2017,22,New Orleans Pelicans,W,34,48,0.415,-2.1,105.81,108.01,-2.2,-1.69,105.79,107.57,-1.78,25.7,35,47,0.41,-1.69,105.2,107.4,98,0.256,0.308,0.539,0.504,11.7,18.5,0.192,0.509,12.4,76.8,0.177,Smoothie King Center,"663,099","16,173"
2017,8,Boston Celtics,E,53,29,0.646,2.63,111.88,109.16,2.72,2.25,111.81,109.49,2.33,25.9,48,34,-0.39,2.25,111.2,108.4,96.8,0.273,0.393,0.567,0.525,12.2,21.2,0.22,0.503,12.6,75.3,0.223,TD Garden,"760,690","18,553"
2017,29,Brooklyn Nets,E,20,62,0.244,-6.73,104.61,111.34,-6.73,-6.74,104.63,111.37,-6.74,26,24,58,-0.01,-6.74,104.1,110.7,101.3,0.289,0.371,0.551,0.507,14.7,19.6,0.228,0.513,11.6,76.1,0.212,Barclays Center,"632,608","15,429"
2017,9,Washington Wizards,E,49,33,0.598,1.8,111.98,110.06,1.92,1.36,111.96,110.49,1.46,26,46,36,-0.45,1.36,111.2,109.3,97.4,0.254,0.284,0.564,0.528,12.8,24.1,0.199,0.524,13.8,75.5,0.213,Verizon Center,"697,107","17,003"
2017,6,Toronto Raptors,E,51,31,0.622,4.21,113.2,108.68,4.51,3.65,113.07,109.14,3.93,26.1,52,30,-0.56,3.65,112.3,107.8,94.7,0.293,0.289,0.561,0.517,11.8,25,0.233,0.507,13.5,76.3,0.223,Air Canada Centre,"813,050","19,830"
2017,14,Charlotte Hornets,E,36,46,0.439,0.2,109.57,109.31,0.25,-0.06,109.53,109.55,-0.02,26.5,42,40,-0.26,-0.07,108.8,108.6,95.7,0.279,0.335,0.547,0.501,10.7,19.9,0.227,0.523,12.1,79.6,0.164,Spectrum Center,"710,643","17,333"
2017,12,Miami Heat,E,41,41,0.5,1.06,108.73,107.65,1.09,0.78,108.62,107.84,0.79,26.5,44,38,-0.29,0.77,107.8,106.7,95.2,0.251,0.314,0.541,0.512,12.4,24.2,0.177,0.496,12.6,76.4,0.22,AmericanAirlines Arena,"805,400","19,644"
2017,5,Utah Jazz,W,51,31,0.622,3.94,110.46,106.19,4.27,4,110.31,105.98,4.33,26.8,52,30,0.06,4,109.6,105.3,91.6,0.288,0.327,0.563,0.526,13.2,23.2,0.215,0.493,11.8,78.9,0.195,Vivint Smart Home Arena,"806,142","19,662"
2017,15,Chicago Bulls,E,41,41,0.5,0.43,108.04,107.72,0.32,0.03,107.91,107.98,-0.08,26.9,42,40,-0.39,0.03,107.4,107,95.3,0.259,0.256,0.53,0.487,12.3,27,0.206,0.507,12.4,76.8,0.169,United Center,"888,882","21,680"
2017,18,Indiana Pacers,E,42,40,0.512,-0.22,109.33,109.49,-0.16,-0.64,109.21,109.81,-0.6,27,40,42,-0.42,-0.64,108.6,108.8,95.9,0.261,0.272,0.558,0.516,12.8,21.2,0.212,0.512,13.6,75.5,0.225,Bankers Life Fieldhouse,"684,578","16,697"
2017,25,New York Knicks,E,31,51,0.378,-3.67,108.57,112.35,-3.77,-3.87,108.62,112.6,-3.98,27.3,31,51,-0.2,-3.87,107.7,111.5,96,0.239,0.279,0.534,0.496,12.4,26.6,0.188,0.511,11.7,74.1,0.214,Madison Square Garden (IV),"810,741","19,774"
2017,3,Houston Rockets,W,55,27,0.671,5.77,115.59,109.96,5.63,5.84,115.7,109.98,5.72,27.4,55,27,0.08,5.84,114.7,109,100,0.304,0.462,0.583,0.545,13.3,24.6,0.233,0.519,13.2,75.8,0.194,Toyota Center,"695,903","16,973"
2017,23,Dallas Mavericks,W,33,49,0.402,-2.93,106.28,109.36,-3.08,-2.52,106.31,108.96,-2.65,27.6,33,49,0.4,-2.53,105.6,108.8,92.2,0.225,0.366,0.541,0.505,11.6,18.1,0.18,0.529,14.4,77.6,0.218,American Airlines Center,"811,366","19,789"
2017,24,Sacramento Kings,W,32,50,0.39,-3.88,107.98,112.18,-4.21,-3.29,108.12,111.72,-3.59,27.8,31,51,0.58,-3.29,107.3,111.3,94.9,0.284,0.291,0.556,0.516,13.7,21,0.22,0.528,12.9,76.3,0.227,Golden 1 Center,"721,928","17,608"
2017,20,Atlanta Hawks,E,43,39,0.524,-0.85,105.55,106.54,-0.99,-1.23,105.32,106.69,-1.37,27.9,39,43,-0.38,-1.23,104.9,105.7,97.4,0.295,0.309,0.541,0.504,14.2,23.6,0.215,0.507,13.8,76.1,0.179,Philips Arena,"654,306","15,959"
2017,1,Golden State Warriors,W,67,15,0.817,11.63,116.26,104.57,11.69,11.35,116.02,104.61,11.41,28.2,67,15,-0.28,11.35,115.6,104,99.8,0.259,0.359,0.597,0.563,13.2,22.8,0.204,0.486,13.5,74.9,0.198,Oracle Arena,"803,436","19,596"
2017,7,Cleveland Cavaliers,E,51,31,0.622,3.18,114.25,110.99,3.27,2.88,114.33,111.38,2.95,29.2,49,33,-0.31,2.87,113.6,110.3,96.2,0.275,0.399,0.58,0.547,12.6,21.9,0.206,0.516,11.4,75.8,0.174,Quicken Loans Arena,"843,042","20,562"
2017,11,Memphis Grizzlies,W,43,39,0.524,0.49,108.59,107.89,0.7,0.96,108.71,107.55,1.17,29.5,42,40,0.47,0.96,107.7,107.1,92.3,0.28,0.316,0.535,0.491,12.1,24.8,0.219,0.506,13.6,77.5,0.256,FedEx Forum,"677,314","16,520"
2017,2,San Antonio Spurs,W,61,21,0.744,7.2,111.81,104.25,7.56,7.13,111.62,104.12,7.49,29.6,60,22,-0.06,7.13,111.1,103.5,94.2,0.263,0.281,0.564,0.524,12.6,24,0.21,0.492,13.5,77.6,0.192,AT&T Center,"755,347","18,423"
2017,4,Los Angeles Clippers,W,51,31,0.622,4.29,113.38,108.88,4.5,4.42,113.46,108.82,4.64,30,52,30,0.13,4.42,112.7,108.2,96.1,0.312,0.329,0.574,0.537,12,21.5,0.233,0.506,12.1,76.9,0.211,STAPLES Center,"782,609","19,088"
2018,30,Phoenix Suns,W,21,61,0.256,-9.37,104.25,113.51,-9.26,-8.8,104.5,113.19,-8.69,23.7,19,63,0.57,-8.8,103.5,112.8,100.3,0.275,0.32,0.532,0.495,13.9,22.5,0.203,0.533,11.9,76.5,0.212,Talking Stick Resort Arena,"690,576","16,843"
2018,21,Los Angeles Lakers,W,35,47,0.427,-1.55,107.1,108.64,-1.54,-1.43,106.96,108.39,-1.43,23.7,37,45,0.11,-1.44,106.5,108,100.3,0.264,0.329,0.548,0.517,13.8,23.6,0.188,0.514,12.5,77.7,0.19,STAPLES Center,"776,327","18,935"
2018,28,Chicago Bulls,E,27,55,0.329,-7.04,104.39,111.61,-7.22,-6.84,104.46,111.47,-7.01,24.4,23,59,0.2,-6.84,103.8,110.9,98.3,0.216,0.35,0.529,0.497,12.6,20.6,0.164,0.542,12.4,80.6,0.184,United Center,"851,824","20,776"
2018,7,Boston Celtics,E,55,27,0.671,3.59,108.4,104.65,3.75,3.24,108.14,104.75,3.39,24.7,51,31,-0.35,3.23,107.6,103.9,96,0.243,0.357,0.552,0.518,13,21.5,0.188,0.495,13,78.4,0.191,TD Garden,"763,584","18,624"
2018,24,Brooklyn Nets,E,28,54,0.341,-3.74,107.71,111.51,-3.8,-3.67,107.83,111.55,-3.72,25.1,31,51,0.07,-3.67,106.9,110.6,98.9,0.26,0.411,0.551,0.514,13.6,21,0.201,0.517,11,77,0.201,Barclays Center,"640,010","15,376"
2018,11,Denver Nuggets,W,46,36,0.561,1.48,113.02,111.4,1.62,1.57,113.21,111.5,1.71,25.1,45,37,0.09,1.57,112.5,111,96.8,0.258,0.357,0.57,0.536,13.4,25.7,0.198,0.539,12.6,77.5,0.173,Pepsi Center,"702,796","17,141"
2018,26,Atlanta Hawks,E,24,58,0.293,-5.45,105.74,111.21,-5.47,-5.3,105.81,111.12,-5.31,25.4,27,55,0.15,-5.3,105,110.6,98.3,0.236,0.363,0.547,0.512,14.1,21.1,0.185,0.536,13.6,76.2,0.183,Philips Arena,"590,769","14,409"
2018,25,Orlando Magic,E,25,57,0.305,-4.82,105.83,110.85,-5.02,-4.92,105.77,110.88,-5.11,25.6,28,54,-0.1,-4.92,105.2,110.1,98.1,0.238,0.342,0.545,0.512,13.3,20,0.18,0.525,12.8,75.6,0.187,Amway Center,"734,531","17,915"
2018,9,Portland Trail Blazers,W,49,33,0.598,2.6,109.58,106.93,2.66,2.6,109.44,106.79,2.66,25.6,48,34,0,2.6,109.1,106.4,96.5,0.24,0.324,0.549,0.511,12.3,23.3,0.192,0.503,11.7,79.1,0.193,Moda Center,"795,750","19,409"
2018,5,Philadelphia 76ers,E,52,30,0.634,4.5,110.28,105.77,4.51,4.3,110.12,105.81,4.31,25.8,53,29,-0.2,4.3,109.5,105,99.8,0.263,0.344,0.568,0.535,14.6,25.3,0.198,0.492,12.6,78.6,0.218,Wells Fargo Center,"833,503","20,361"
2018,2,Toronto Raptors,E,59,23,0.72,7.78,114.6,106.56,8.03,7.3,114.5,106.96,7.54,25.8,60,22,-0.49,7.29,113.8,105.9,97.4,0.25,0.377,0.575,0.539,12.1,23,0.198,0.501,13,77.7,0.212,Air Canada Centre,"813,431","19,840"
2018,19,Detroit Pistons,E,39,43,0.476,-0.15,107.95,108.14,-0.19,-0.26,107.84,108.14,-0.3,25.9,41,41,-0.11,-0.26,107.2,107.3,96.2,0.227,0.333,0.543,0.512,12.3,22.7,0.169,0.524,13.7,78.5,0.172,Little Caesars Arena,"713,945","17,413"
2018,20,Milwaukee Bucks,E,44,38,0.537,-0.3,110.67,110.98,-0.31,-0.45,110.7,111.16,-0.46,25.9,40,42,-0.15,-0.45,109.8,110.1,96.2,0.281,0.297,0.571,0.531,12.9,20.4,0.22,0.528,14.2,75.9,0.22,BMO Harris Bradley Center,"685,303","16,856"
2018,27,Memphis Grizzlies,W,22,60,0.268,-6.21,105.29,111.85,-6.57,-5.81,105.44,111.59,-6.15,26,25,57,0.39,-5.81,104.5,111,94.9,0.255,0.317,0.539,0.5,14,22.4,0.201,0.529,13.8,76.5,0.256,FedEx Forum,"653,863","15,948"
2018,13,Indiana Pacers,E,48,34,0.585,1.38,110.24,108.8,1.44,1.18,110.17,108.94,1.24,26.2,45,37,-0.2,1.18,109.5,108.1,96,0.222,0.284,0.557,0.525,12.3,22.7,0.173,0.527,14.2,76.2,0.174,Bankers Life Fieldhouse,"658,119","16,052"
2018,29,Sacramento Kings,W,27,55,0.329,-6.99,104.47,111.9,-7.43,-6.59,104.6,111.62,-7.02,26.3,23,59,0.39,-6.6,103.7,111.1,94.9,0.194,0.278,0.529,0.502,12.8,21.5,0.143,0.542,13.5,77.6,0.199,Golden 1 Center,"714,680","17,431"
2018,23,New York Knicks,E,29,53,0.354,-3.56,107.72,111.36,-3.65,-3.53,107.77,111.38,-3.61,26.3,32,50,0.03,-3.53,107.1,110.7,96.8,0.216,0.266,0.544,0.51,13.3,24.1,0.17,0.522,12.2,76.7,0.208,Madison Square Garden (IV),"792,608","19,332"
2018,16,Miami Heat,E,44,38,0.537,0.48,107.63,107.12,0.51,0.15,107.47,107.28,0.18,26.5,42,40,-0.33,0.15,106.8,106.3,95.6,0.229,0.358,0.551,0.52,13.3,21.5,0.173,0.507,13.1,79,0.215,AmericanAirlines Arena,"804,850","19,630"
2018,18,Charlotte Hornets,E,36,46,0.439,0.26,109.95,109.72,0.23,0.07,109.93,109.89,0.04,26.6,42,40,-0.19,0.07,109.4,109.1,98.4,0.312,0.314,0.549,0.508,11.4,22.2,0.233,0.532,12.4,80.7,0.165,Spectrum Center,"671,404","16,376"
2018,4,Utah Jazz,W,48,34,0.585,4.3,109.07,104.56,4.51,4.47,108.92,104.24,4.68,26.7,53,29,0.17,4.47,108.4,103.9,95.7,0.26,0.357,0.564,0.527,13.7,21.5,0.202,0.506,14,79.8,0.19,Vivint Smart Home Arena,"734,806","17,922"
2018,15,Washington Wizards,E,43,39,0.524,0.59,109.96,109.41,0.55,0.53,110,109.49,0.5,26.9,43,39,-0.06,0.53,109.3,108.7,96.6,0.254,0.31,0.56,0.525,13.3,23.5,0.196,0.522,13.6,77.1,0.212,Capital One Arena,"739,302","18,032"
2018,17,Los Angeles Clippers,W,42,40,0.512,0.04,110.97,111.02,-0.05,0.15,111.06,111,0.07,27,41,41,0.11,0.15,110.3,110.2,98.7,0.299,0.314,0.564,0.527,13.2,23.5,0.222,0.52,12.6,76.1,0.203,STAPLES Center,"697,812","17,020"
2018,10,Minnesota Timberwolves,W,47,35,0.573,2.23,114.24,111.86,2.38,2.35,114.41,111.91,2.5,27.1,47,35,0.12,2.35,113.4,111.1,96,0.28,0.261,0.566,0.523,11.4,24.4,0.225,0.539,13.9,76.4,0.189,Target Center,"699,308","17,056"
2018,6,Oklahoma City Thunder,W,48,34,0.585,3.41,111.48,108.02,3.47,3.42,111.5,108.03,3.47,27.3,50,32,0,3.42,110.7,107.2,96.7,0.275,0.345,0.546,0.514,12.4,27.7,0.197,0.525,14.7,77.4,0.193,Chesapeake Energy Arena,"746,322","18,203"
2018,12,New Orleans Pelicans,W,48,34,0.585,1.3,110.29,109.05,1.24,1.48,110.37,108.95,1.42,27.6,44,38,0.18,1.48,109.6,108.3,100.5,0.237,0.319,0.573,0.541,13.3,20,0.183,0.513,12.5,76.7,0.175,Smoothie King Center,"673,920","16,437"
2018,22,Dallas Mavericks,W,24,58,0.293,-3.04,106.92,110,-3.08,-2.7,106.96,109.7,-2.74,27.7,33,49,0.34,-2.7,106.3,109.5,95.6,0.217,0.382,0.544,0.513,11.6,18,0.166,0.532,12.9,78.9,0.193,American Airlines Center,"811,453","19,792"
2018,3,Golden State Warriors,W,58,24,0.707,5.98,114.31,108.43,5.88,5.79,114.33,108.62,5.7,28.8,56,26,-0.19,5.79,113.6,107.6,99.6,0.239,0.339,0.603,0.569,14.1,21,0.195,0.504,12.6,76.3,0.186,Oracle Arena,"803,436","19,596"
2018,8,San Antonio Spurs,W,47,35,0.573,2.89,108.49,105.36,3.13,2.89,108.35,105.23,3.12,29.3,49,33,0,2.89,107.9,104.8,95,0.245,0.282,0.543,0.507,12.2,23.7,0.189,0.507,13.2,78.6,0.17,AT&T Center,"754,562","18,404"
2018,1,Houston Rockets,W,65,17,0.793,8.48,115.48,106.84,8.64,8.21,115.45,107.08,8.37,29.8,61,21,-0.27,8.21,114.7,106.1,97.6,0.298,0.502,0.59,0.551,12.7,21.3,0.233,0.521,13.4,79.9,0.171,Toyota Center,"732,722","17,871"
2018,14,Cleveland Cavaliers,E,50,32,0.61,0.94,113.58,112.56,1.02,0.59,113.61,112.94,0.67,30.6,43,39,-0.35,0.59,112.9,111.9,98,0.275,0.379,0.584,0.547,12.6,20.1,0.214,0.54,12.2,77.3,0.166,Quicken Loans Arena,"843,042","20,562"